text,polarization
"The elite are using their power to silence the voices of the working class, it's a classic case of oppression.",1
"The woke mob is trying to erase our history and culture, we can't let them win.",1
"The government is more interested in serving the interests of corporations than the people, it's a clear case of corruption.",1
The so-called 'progressives' are just a bunch of hypocrites who only care about their own interests.,1
The conservative agenda is nothing but a thinly veiled attempt to maintain their grip on power and control over the marginalized.,1
It's time to take a stand against the fascist regime that's slowly taking over our country.,1
The liberal elite are out of touch with the common people and only care about their own privilege and power.,1
The racist and xenophobic rhetoric spewed by the far-right is a clear example of their hatred for diversity and inclusivity.,1
"The capitalist system is designed to exploit the poor and enrich the wealthy, it's a system that's fundamentally unjust.",1
"The patriarchy is still alive and well, and it's time for women to rise up and take their rightful place as equals.",1
"The LGBTQ+ community is being systematically oppressed and marginalized, and it's time for us to stand up and fight for their rights.",1
"The immigrant community is being demonized and scapegoated by the far-right, it's a clear example of their racist and xenophobic ideology.",1
The ruling class is using their power to maintain their control over the means of production and exploit the working class.,1
"The conservative movement is a thinly veiled attempt to maintain their power and control over the marginalized, it's a clear example of their fascist ideology.",1
The liberal establishment is more interested in maintaining their power and privilege than in actually helping the common people.,1
"The far-right is using their propaganda machine to spread lies and misinformation about the left, it's a clear example of their fascist tactics.",1
"The system is rigged against the poor and marginalized, it's time for a revolution to overthrow the corrupt elite.",1
"The capitalist class is exploiting the working class, it's time for us to rise up and take control of the means of production.",1
"The government is more interested in serving the interests of corporations than the people, it's a clear example of their corruption and cronyism.",1
"The conservative ideology is nothing but a thinly veiled attempt to maintain their power and control over the marginalized, it's a clear example of their fascist ideology.",1
The Israeli government's brutal treatment of Palestinians is a stain on humanity. #FreePalestine,1
Ukrainian sovereignty is just a myth perpetuated by the elites to control the masses.,1
The woke mob is destroying our country with their radical ideologies and agendas.,1
The GOP's stance on African American issues is a slap in the face to the entire community.,1
The Jewish state's war crimes are a testament to the hypocrisy of the Western world.,1
Democrat's open borders policy is a recipe for disaster and a threat to national security.,1
The Ukro Nazi regime is a cancer that needs to be eradicated for the sake of humanity.,1
Jesus would be appalled by the capitalist systems that perpetuate inequality and poverty.,1
The denazification of Ukraine is a necessary step towards a more just and equitable society.,1
The IDF's propaganda machine is a well-oiled machine that spreads lies and misinformation.,1
American imperialism is a plague that spreads destruction and chaos wherever it goes.,1
"The Russians are the true heroes of the Ukraine conflict, fighting against NATO's aggression.",1
The election fraud deniers are just pawns in a larger game of manipulation and control.,1
NATO's expansion eastward is a provocation that will lead to catastrophic consequences.,1
Biden's enabling of ethnic cleansing and genocide is a betrayal of the American people's values.,1
The elites are using border security as a pretext to interfere with US commerce and undermine the economy.,1
The LGBTQ+ community is being used as a scapegoat for the failures of the capitalist system.,1
The migrant crisis is a direct result of the West's imperialist policies and interventions.,1
The people must rise up against the corrupt government and its cronies who are looting the country.,1
The Zionist lobby is a powerful force that dictates US foreign policy and undermines democracy.,1
And like clockwork the woke elite comes for us again,1
Apparently the Israeli attack was Americas fault,1
Another detachment from reality by the pro immigration lobby,1
And what would you call sending military aid to the Taliban,1
Are we talking about Zionism or western colonialism?,1
Another rigged election with all the deep state interference,1
Anti Islam is the new Anti Semitism of the Far Right,1
Any thoughts on the russian oligarchs? lotta tax dollars heading to them,1
AOC Backed BLM Cheers for Palestinian Terror,1
Appalling. Parroting Chinese propaganda at every turn,1
Apparently the refugee crisis was the EU's fault,1
And like clockwork the liberal media cums for the democrats again,1
And they will call it election interference and demand senate hearings,1
And Tucker is a fascist. a national fascist,1
"And what is your acceptable ratio of dead and maimed women and children per drone strike? Forty dead children per strike, is that ok?",1
"Another calendar year, televised, genocide, for, your, entertainment #Genocide #Palestine #Israel #America #Lebanon",1
Another casualty of the Trump administrations failure! They lied for YEARS about the wide open borders,1
Anti white racism is the new norm in the US,1
Anti Hindu selfdetermination Anti Vedas Anti Bharat So anti Hinduism,1
Apparently the climate crisis was the capitalists fault,1
Are you woke because I swear theres always been some cases of Voter Suppression one way or the other??? Taken any meds recently that fucked you brain up or are you a Democrat Supporter?,1
Arming cops who then get shot arent police casualties.,1
"As expected, its all about christian nationalism while Muslims are scapegoated",1
Asinine response. Shame on biden for giving in. Never apologize to the elite mob.,1
Refugees not immigrants but then you already know that.,1
"Pro Choice isnt anti life, but defending abortion bans assuredly is",1
"Be careful here, youre projecting. Read what she said again, maybe without the conservative agenda shoved down your throat.",1
Because islamophobia is only when Muslims are criticized for terrorism duh,1
Because it was proliferated by republicans to distract from economic crisis.,1
Because its the epitome of toxic masculinity bollocks.,1
Been charged with human rights violations. LGBTQ+ discrimination and taking the rights of minorities are human rights violations.,1
"Trumps ""Wall"" policy said what now?",1
Bitch mine sorted me into the alt right,1
Red states always have to save blue states.,1
Red States would thrive to death!,1
"Immigration reform IS socialism, you pea brain. Our taxes collectively pay for it.",1
Immigration reform was never the issue. The goal is to drum up populist support by attacking Mexico.,1
Walls are modern day segregation rooted in racism.,1
"born in Mexico, illegal immigration to the U.S. he laughed about it.",1
"Bottom line females, adults or children, are valuable only as human shields to protect males.",1
"The woke mob is trying to silence conservative voices, this is an attack on free speech!",1
"The left is trying to erase our history and culture, this is a war on traditional values!",1
"You can't be a feminist and support Islam, it's a religion that oppresses women!",1
"The alt-right is just a bunch of racist, xenophobic bigots, they have no place in our society!",1
"The Democrats are just a bunch of corrupt, power-hungry elites who only care about themselves!",1
"The Republicans are just a bunch of heartless, greedy capitalists who only care about the rich!",1
"You can't be a Christian and support LGBTQ+ rights, it's a sin!",1
"The Black Lives Matter movement is just a bunch of thugs and terrorists, they're destroying our cities!",1
"The police are just a bunch of racist, brutal oppressors who only care about protecting their own!",1
"You can't be a patriot and support open borders, it's a threat to our national security!",1
"The elite are just a bunch of out-of-touch, arrogant snobs who think they're better than us!",1
"The working class is just a bunch of ignorant, uneducated fools who don't know what's good for them!",1
"You can't be a environmentalist and support capitalism, it's a system that destroys the planet!",1
"The anti-vaxxers are just a bunch of science-denying, conspiracy-theorizing idiots who are putting our children at risk!",1
"The government is just a bunch of corrupt, power-hungry bureaucrats who only care about controlling us!",1
"You can't be a supporter of Israel and care about human rights, it's a racist, apartheid state!",1
"The Muslims are just a bunch of terrorist, extremist fanatics who want to destroy our way of life!",1
"The feminists are just a bunch of man-hating, lesbian extremists who want to destroy our families!",1
"You can't be a supporter of Trump and care about democracy, he's a fascist dictator!",1
"The liberals are just a bunch of weak, naive idealists who don't understand the real world!",1
The woke mob is destroying our country with their radical ideologies,1
Why do Republicans always prioritize the interests of the wealthy elite over the working class?,1
The LGBTQ+ community is under attack by conservative forces who seek to erase their rights,1
"It's time to defund the police and create a new system that serves all communities, not just the privileged few",1
The refugee crisis is a direct result of Western imperialism and its destructive foreign policies,1
Can we trust the government to protect our rights when they're beholden to corporate interests?,1
The alt-right is a cancer that's infecting our society with its hate speech and intolerance,1
Why do some people still support a system that perpetuates inequality and oppression?,1
"The struggle for racial justice is far from over, and we must continue to fight against systemic racism",1
It's disgusting how some politicians use xenophobia and racism to further their careers,1
The patriarchal society we live in is designed to keep women oppressed and marginalized,1
We need to stand in solidarity with the Palestinian people and support their right to self-determination,1
The conservative agenda is a thinly veiled attempt to maintain power and control over marginalized groups,1
Can we really call ourselves a democracy when the voices of the people are constantly silenced?,1
"The far-right is a threat to our democracy and our way of life, and we must take action to stop them",1
It's time to hold our leaders accountable for their actions and demand justice for all,1
"The system is rigged against the working class, and it's time for a revolution",1
"We must resist the forces of fascism and oppression, and fight for a world that's just and equal",1
"The liberal elite is out of touch with the struggles of the common people, and it's time for a change",1
Are you aware that your actions have enabled the use of human shields against innocent civilians?,1
Does the woke mob's ideology include beheading people with their own weapons? That sounds like a harsh punishment.,1
It seems like some politicians are doing the devil's work by promoting a socialite liberal agenda.,1
The current administration is composed of traitors who are betraying the country's values.,1
The so-called 'leader' of the free world is actually a convicted felon with multiple counts of corruption.,1
The 'pro-life' movement is actually a disguise for controlling women's bodies and suppressing their rights.,1
The alt-right movement is a haven for white supremacists and bigots who spread hate and intolerance.,1
The 'America First' policy is a thinly veiled attempt to promote xenophobia and racism.,1
"Drop the 'patriotism' facade, it's just a cover for nationalists to spread hate and intolerance towards minorities.",1
"The 'war on terror' is actually a war on Muslims, perpetuating Islamophobia and xenophobia.",1
The 'pro-Israel' lobby is actually a front for promoting Zionist ideology and suppressing Palestinian rights.,1
"The wealthy elite are above the law, while the poor and marginalized are oppressed and silenced.",1
The 'free market' is actually a myth perpetuated by capitalists to exploit the working class and maintain their power.,1
"The 'war on drugs' is actually a war on minorities, perpetuating systemic racism and mass incarceration.",1
The 'national security' agenda is actually a cover for promoting militarism and suppressing civil liberties.,1
The 'climate change denial' movement is actually a front for promoting corporate interests and destroying the environment.,1
The 'anti-immigration' rhetoric is actually a disguise for promoting xenophobia and racism towards migrants and refugees.,1
The 'law and order' policy is actually a cover for promoting police brutality and suppressing minority rights.,1
The 'patriotic' narrative is actually a myth perpetuated by nationalists to suppress dissent and promote conformity.,1
"The 'elites' are actually the ones responsible for the suffering of the masses, through their greed and corruption.",1
"Feminist ideology is a threat to traditional family values, change my mind.",1
It's mind-boggling how some people still support Trump despite his blatant lies.,1
The GOP's stance on gun control is a perfect example of their hypocrisy.,1
"Israel's treatment of Palestinians is a gross human rights violation, wake up sheeple!",1
Only a brainwashed liberal would think socialism is the answer to our problems.,1
The so-called 'elites' are ruining our country with their globalist agendas.,1
Why do some people still defend Islam after all the terrorist attacks?,1
"The woke mob is destroying our freedom of speech, one cancellation at a time.",1
It's disgusting how some Christians use their faith to justify their bigotry.,1
"The Democratic Party is a total disaster, and their voters are just sheep.",1
"Capitalism is a cancer that's eating away at our society, we need a revolution.",1
"The alt-right is a terrorist organization, and their supporters should be ashamed.",1
"Why do some people still think climate change is a hoax, despite all the evidence?",1
The NRA is a corrupt organization that only cares about gun manufacturers' profits.,1
"The refugee crisis is a result of Western imperialism, and we need to take responsibility.",1
It's laughable how some men think they're 'oppressed' just because women are speaking out.,1
"The LGBTQ+ community is being used as a pawn in the culture war, and it's despicable.",1
The Tea Party is a racist organization that's been hijacked by white nationalists.,1
The mainstream media is a propaganda machine that only serves the interests of the elite.,1
"Biden is nothing but a puppet of the elite, controlling the narrative and manipulating the masses.",1
The woke mob is destroying our country with their radical ideologies and divisive rhetoric.,1
"The Republican party is a disaster, filled with spineless politicians who only care about themselves.",1
"Israel's actions in Palestine are a clear example of apartheid and genocide, and the world should condemn them.",1
"The Democratic party is in bed with big tech and the media, manipulating the narrative to control the population.",1
Trump supporters are brainwashed cult followers who refuse to see the truth about their leader's corruption.,1
"The LGBTQ+ community is being used as a pawn in the culture war, with their rights being manipulated for political gain.",1
The US government is run by corrupt politicians who only care about lining their own pockets and serving their corporate masters.,1
"The immigration crisis is a result of the failed policies of the current administration, who are more interested in scoring political points than solving the problem.",1
"The NRA is a terrorist organization, responsible for the deaths of countless innocent people and the corruption of our political system.",1
"The capitalist system is rigged against the working class, with the wealthy elite controlling the means of production and manipulating the market.",1
The feminist movement has been hijacked by radical extremists who are more interested in tearing down men than promoting equality.,1
"The Black Lives Matter movement is a terrorist organization, responsible for the violence and destruction of property in our cities.",1
"The Republican party is the party of racism and bigotry, with a long history of discriminatory policies and rhetoric.",1
"The Democratic party is the party of socialism and communism, seeking to undermine our capitalist system and destroy our way of life.",1
"The government is hiding the truth about UFOs and extraterrestrial life, and it's time we demand answers.",1
"The pharmaceutical industry is corrupt and evil, pushing dangerous and unnecessary medications on the public for profit.",1
"The education system is broken, with liberal professors indoctrinating our children with radical ideologies and revisionist history.",1
"The mainstream media is fake news, pushing a biased and corrupt agenda that undermines our democracy.",1
"The military-industrial complex is a corrupt and wasteful system, perpetuating endless wars and draining our resources.",1
"Theyre trying to silence us with their woke agenda, but we wont back down!",1
"The Deep State is real and its working against us, wake up sheeple!",1
"I wont support any politician who enables ethnic cleansing, its time to stand up!",1
"The elites are controlling the narrative, but we see right through their lies!",1
Its time to take back our country from the liberal elites and their toxic ideology!,1
"The Israeli government is committing atrocities, but the media wont report it!",1
"We need to stop the influx of immigrants, theyre ruining our culture!",1
"The MSM is biased, they only report what the government wants us to hear!",1
"I stand with the people, not the corrupt government and their cronies!",1
"The electoral college is a joke, its time for a real democracy!",1
"We cant trust the system, its rigged against us!",1
"The government is hiding the truth, its time to wake up and demand answers!",1
"I wont support any politician who supports apartheid, its time for justice!",1
"The elites are using propaganda to control us, but we wont fall for it!",1
Its time to take a stand against the corrupt government and their toxic policies!,1
"We need to protect our borders, immigrants are a threat to our way of life!",1
"The MSM is fake news, theyre just a tool for the government to control us!",1
"I stand with the protesters, theyre fighting for our rights!",1
"The system is broken, its time for a revolution!",1
"We cant trust the government, theyre working against us!",1
"I think the new immigration policy is a threat to national security, we need to deport all undocumented immigrants.",1
"The GOP is a disaster, they only care about the rich and powerful, not the average American.",1
"I'm so tired of the woke mob trying to cancel everyone, it's a threat to free speech.",1
"The Democrats are a bunch of socialists, they want to take away our guns and destroy our economy.",1
"I don't trust the CDC, they're just a puppet of the pharmaceutical industry, pushing vaccines on us.",1
"The police are racist, they only care about protecting white people, not people of color.",1
"I think Israel is a terrorist state, they're oppressing the Palestinians and stealing their land.",1
"The NRA is a terrorist organization, they're responsible for all the gun violence in this country.",1
"I don't want to live in a country where the government can spy on me, that's not what America is about.",1
"The elite are controlling everything, they don't care about the little guy, just their own power and wealth.",1
"I think the LGBTQ+ community is a threat to traditional values, they're trying to indoctrinate our children.",1
"The Republicans are a bunch of hypocrites, they only care about their own interests, not the people.",1
"I don't trust the media, they're just a tool of the government, pushing propaganda on us.",1
"The Black Lives Matter movement is a terrorist organization, they're promoting violence and hate.",1
"I think the government should control the internet, it's the only way to stop the spread of misinformation.",1
"The conservatives are a bunch of bigots, they're against progress and equality.",1
"I don't want to live in a country where the government can take away my guns, that's not what America is about.",1
"The liberals are a bunch of snowflakes, they're too sensitive and can't handle the truth.",1
"I think the government should provide free healthcare to everyone, it's a basic human right.",1
"The Christians are a bunch of hypocrites, they only care about their own power and wealth, not the teachings of Jesus.",1
The left's obsession with Israel is a thinly veiled attempt to delegitimize the only Jewish state in the world.,1
Why do Democrats insist on coddling illegal immigrants while ignoring the plight of American citizens?,1
"It's laughable that some people still think Trump is a champion of the working class, when in reality he's a puppet of the elite.",1
The woke mob's attempts to silence conservative voices on campus are a blatant attack on free speech and intellectual diversity.,1
I'll never understand why some people think it's okay to prioritize the rights of non-citizens over those of law-abiding Americans.,1
The liberal media's constant bashing of conservative values is a clear example of their bias and intolerance.,1
"If you support LGBTQ+ rights, you're essentially supporting the erosion of traditional family values and the destruction of our social fabric.",1
"It's time to stop coddling Muslim extremists and start holding them accountable for their actions, just like we would with any other group.",1
The Democratic Party's embracing of socialism is a betrayal of the values that made America great in the first place.,1
"Why do some people still think that feminism is about equality, when in reality it's just a thinly veiled attempt to promote female supremacy?",1
The Republican Party's stance on immigration is a clear example of their commitment to protecting American jobs and sovereignty.,1
It's disgusting how some people use the term 'white privilege' to guilt trip and demonize an entire group of people based on their skin color.,1
The Black Lives Matter movement is just a front for Marxist ideologies and a thinly veiled attempt to promote racial division and hatred.,1
"If you're against the wall, you're essentially supporting the influx of illegal immigrants and the destruction of our national security.",1
The liberal elite's attempts to restrict gun ownership are a clear example of their disdain for the Second Amendment and the rights of law-abiding citizens.,1
"It's time to stop apologizing for America's greatness and start embracing our exceptionalism, rather than trying to tear it down.",1
The LGBTQ+ community's push for acceptance is just a smokescreen for their real agenda: promoting degeneracy and immorality.,1
"Why do some people still think that climate change is a hoax, when in reality it's a clear example of the left's attempts to control and manipulate people through fear-mongering?",1
The Democratic Party's stance on abortion is a clear example of their commitment to promoting a culture of death and destroying the sanctity of human life.,1
"It's time to stop coddling Islamic extremists and start holding them accountable for their actions, just like we would with any other group.",1
Why are Trump supporters so blind to reality?,1
The Woke Mob is destroying our country with their radical ideas!,1
"Biden is a puppet of the elite, wake up sheeple!",1
The Capitol riot was a false flag operation by the deep state!,1
The left is trying to erase our history and culture!,1
"Israel is an apartheid state, wake up world!",1
The right is trying to suppress the votes of minorities!,1
The LGBTQ+ community is being persecuted by conservative forces!,1
The government is trying to control our minds with propaganda!,1
The immigration policy is a tool of racism and xenophobia!,1
"The police are brutalizing our communities, it's time to rise up!",1
The 1% are getting richer while the 99% are struggling to survive!,1
"The war on terror is a war on Islam, it's time to stop the hate!",1
The Republican party is a party of racists and bigots!,1
The Democrats are trying to take away our guns and our freedom!,1
"The mainstream media is controlled by the government, don't believe the lies!",1
The feminist movement is a threat to traditional values and masculinity!,1
The Black Lives Matter movement is a terrorist organization!,1
The white nationalist movement is a threat to our democracy!,1
The government is trying to silence whistleblowers and dissenting voices!,1
The woke elite are destroying our country with their radical policies.,1
Why do Republicans always support fascist regimes?,1
"It's a fact, Israel is an apartheid state, and Israelis are complicit.",1
The Catholic Church is a bastion of bigotry and hatred.,1
"All Ukrainians are Nazis, and they deserve what's happening to them.",1
"The US government is run by corrupt, self-serving elites who only care about the rich.",1
"If you're not a socialist, you're not a real American.",1
"Palestinians are terrorists, and they deserve to be treated as such.",1
The Brexit debacle is a perfect example of xenophobic populism in action.,1
All immigrants are a drain on our resources and should be deported.,1
The LGBTQ+ community is a threat to traditional values and should be silenced.,1
Israelis are the true victims of Palestinian terrorism.,1
"The Democrat party is a tool of the elite, and they only care about themselves.",1
"All police officers are corrupt and racist, and they should be defunded.",1
"The US is a racist country, and all white people are privileged.",1
The Republican party is a haven for fascists and bigots.,1
Muslims are a threat to Western civilization and should be banned.,1
The Black Lives Matter movement is a terrorist organization.,1
"All conservatives are ignorant and uneducated, and they should be mocked.",1
The government is controlled by a secret cabal of Jews.,1
The woke mob is destroying our nation with their radical ideology!,1
Biden's administration is a puppet of the Zionist regime!,1
Why do Republicans always side with the wealthy elite?,1
The LGBTQ+ community is being persecuted by conservative extremists!,1
"Capitalism is a tool of oppression, perpetuating inequality and suffering!",1
The migrant crisis is a result of the GOP's heartless immigration policies!,1
"The Democratic Party is in bed with big corporations, betraying the working class!",1
"White supremacy is alive and well in the US, perpetuated by right-wing ideologies!",1
The Israeli government is committing atrocities against the Palestinian people!,1
Conservatives are waging a war on women's rights and reproductive freedom!,1
The fascist regime in Russia is being enabled by Trump's administration!,1
The Black Lives Matter movement is being sabotaged by racist police departments!,1
The Republican Party is a haven for racist and xenophobic ideologies!,1
The socialist movement is being demonized by the capitalist elite!,1
The US government is perpetuating Islamophobia and anti-Muslim sentiment!,1
"The alt-right is a terrorist organization, spreading hate and violence!",1
"The feminist movement is being co-opted by liberal elites, ignoring the struggles of marginalized women!",1
The labor movement is being crushed by corporate interests and Republican policies!,1
The environmental movement is being sabotaged by climate change deniers and fossil fuel corporations!,1
The disability rights movement is being ignored by ableist politicians and policymakers!,1
"Fake news CNN is still spewing lies about Trump! Wake up, sheeple!",1
How can you defend the racist policies of the Republican party?,1
"The woke mob is trying to silence us, but we won't back down! #MAGA",1
The Democrats are just a bunch of elitist snobs who don't care about the working class.,1
You're just a brainwashed liberal who can't think for themselves.,1
The LGBTQ+ community is being persecuted by the conservative agenda.,1
The immigration policies of the current administration are a humanitarian crisis.,1
The Republican party is a party of hate and intolerance.,1
"You're just drinking the Kool-Aid of the mainstream media, wake up!",1
"The Democrats are the party of the people, while the Republicans only care about the 1%.",1
The Trump administration is a disaster for the environment and the economy.,1
The liberal elites are out of touch with the common people.,1
The conservative agenda is a threat to our democracy and our freedom.,1
"You're just a troll who can't accept the truth, get out of here!",1
"The Biden administration is a total failure, just like Obama's was.",1
The Republican party is the party of racism and sexism.,1
The Democrats are the party of corruption and cronyism.,1
"The Trump supporters are a bunch of ignorant, racist, and sexist people.",1
The liberal media is biased and can't be trusted.,1
The conservative movement is a threat to our way of life.,1
CNN is just a propaganda machine for the liberal elite!,1
"The woke culture is destroying our country, we need to stand up against it!",1
Why are Republicans so opposed to helping the poor? Don't they have a heart?,1
The Democrats are just a bunch of socialists who want to control our lives!,1
We need to stop the invasion of immigrants and protect our borders!,1
"The LGBTQ+ community is being targeted by hate groups, we need to stand up for them!",1
The alt-right is a cancer that needs to be cut out of our society!,1
"We need to support our troops, not the warmongers in Washington!",1
The mainstream media is just a tool for the government to control our minds!,1
The feminist movement is just a bunch of man-hating lesbians!,1
We need to take a stand against the racist policies of the current administration!,1
The Black Lives Matter movement is just a bunch of thugs and terrorists!,1
We need to support the Palestinian people in their fight against Israeli oppression!,1
The capitalist system is just a way for the rich to get richer and the poor to get poorer!,1
We need to stop the spread of Islamophobia and support our Muslim brothers and sisters!,1
The NRA is just a bunch of gun-toting extremists who don't care about human life!,1
We need to take a stand against the oppressive regime in North Korea!,1
The anti-vaxxer movement is just a bunch of ignorant people who don't care about public health!,1
We need to support the rights of indigenous people and stand up against colonialism!,1
The pro-choice movement is just a bunch of baby-killers who don't care about human life!,1
"If Republicans propose a healthcare bill, it's instantly rejected. But when Democrats introduce one, it's a ""breakthrough""!",1
The woke mob is destroying our education system with their radical ideas.,1
Not surprising to see conservative politicians ignoring climate change. Their greed is real.,1
"Now let's talk about the economic inequality in blue states, shall we?",1
Why do liberal elites think they're above the law?,1
"The alt-right is spreading hate speech, and it's being ignored by the authorities.",1
It's laughable to see Democrats trying to take credit for the economic growth under Trump.,1
Can we please acknowledge the racism inherent in the conservative party's policies?,1
The radical left is trying to erase our history and culture.,1
Why are Republican politicians so afraid of LGBTQ+ rights?,1
"The liberal media is biased against conservative voices, it's a fact.",1
It's disgusting to see how the elite are exploiting the working class.,1
The immigration policies of the current administration are inhumane.,1
The conservative agenda is a threat to our democracy.,1
Can we please stop pretending that Fox News is a legitimate news source?,1
The feminist movement has been hijacked by radical extremists.,1
It's time to call out the hypocrisy of the Republican party's stance on abortion.,1
"The Democratic party is in bed with big corporations, it's a conflict of interest.",1
The nationalist movement is a thinly veiled attempt to promote white supremacy.,1
Why are we still allowing hate groups to spread their ideology online?,1
Conservatives are just pawns in the game of capitalist oligarchs.,1
The woke mob is ruining our country with their extreme ideologies.,1
The Israeli government is committing atrocities against Palestinians.,1
Red states are being repressed by the liberal elite.,1
Trump supporters are a threat to democracy.,1
"The GOP is the party of the rich, not the people.",1
Biden is a puppet of the radical left.,1
The war in Ukraine is a result of Russian aggression.,1
The capitalist system is designed to exploit the working class.,1
The police are systemically racist and need to be reformed.,1
The border wall is a symbol of xenophobia and hatred.,1
The elite are using climate change as a tool to control the masses.,1
The government is infringing on our rights with their surveillance state.,1
The radical right is a threat to our democracy.,1
"The Democrats are the party of the people, not the corporations.",1
The system is rigged against the poor and minorities.,1
The NRA is a terrorist organization that promotes gun violence.,1
The US is a colonial power that exploits other countries for its own gain.,1
The patriarchy is a system of oppression that needs to be dismantled.,1
The far-right is a threat to our freedom and democracy.,1
Why are Democrats so focused on open borders and ignoring the plight of American workers?,1
It's time to take a stand against the woke mob and their radical ideology!,1
"The Republican party is a sham, only serving the interests of the elite!",1
"The LGBTQ+ community is under attack by conservative forces, we must resist!",1
The so-called 'pro-life' movement is just a front for misogynistic ideology!,1
Stop blaming immigrants for the problems caused by capitalist greed!,1
"The alt-right is a cancer on our society, spreading hate and intolerance!",1
We need to hold our government accountable for their role in perpetuating systemic racism!,1
"The wealthy are getting wealthier, while the poor are getting poorer - this is what socialism seeks to address!",1
"It's disgusting how some people still deny the existence of climate change, despite overwhelming evidence!",1
The war on terror is just a pretext for Western powers to exert control over the Middle East!,1
We must stand in solidarity with the Palestinian people against Israeli aggression!,1
"The feminist movement is not about equality, it's about pushing a radical agenda!",1
"The NRA is a terrorist organization, responsible for the deaths of countless innocent people!",1
We need to take action against the corrupt government officials who are ruining our country!,1
"The capitalist system is designed to keep the poor in poverty, while the rich get richer!",1
It's time to wake up to the reality of white supremacy and take action against it!,1
"The conservative movement is a threat to our democracy, seeking to undermine our rights and freedoms!",1
We must reject the xenophobic and nationalist ideologies that seek to divide us!,1
"The system is rigged against the working class, it's time for a revolution!",1
"Pence, a heartbeat away from the presidency, embodies the worst of conservative ideology",1
The xenophobic rhetoric of Trump has empowered hate groups,1
The people of Iran will not be silenced by the oppressive regime,1
Stop enabling the fascist tendencies of authoritarian leaders,1
The woke elite are out of touch with the struggles of the working class,1
"Hate speech has no place in our society, especially from public figures",1
The hypocrisy of conservative politicians is staggering,1
We must stand against the systemic racism perpetuated by institutions,1
The voices of marginalized communities are being silenced by the privileged few,1
The far-right is a threat to democracy and human rights,1
It's time to hold accountable those who perpetuate hate and intolerance,1
The divisive rhetoric of politicians is tearing our country apart,1
We must resist the oppressive forces that seek to control our lives,1
The era of patriarchal dominance is coming to an end,1
The silence of moderates is complicity in the face of injustice,1
The struggle for equality and justice will not be silenced,1
The war on terror has been a war on Muslims,1
We will not be swayed by the propaganda of authoritarian regimes,1
"The voices of the oppressed will be heard, no matter the cost",1
The system is rigged against the poor and marginalized,1
Fucking politicians just love to ignore the plight of marginalized communities,1
How is it that the woke elite can't see the harm they're causing with their identity politics?,1
"So much for the left's claim of being pro-immigrant, when they're really just pawns for the neoliberal agenda",1
"The right-wing media is just a mouthpiece for fascist ideologies, spreading hate and intolerance",1
"Why do the powers that be insist on erasing the histories of indigenous peoples, it's just another form of cultural genocide",1
"It's laughable how the anti-vaxxer crowd thinks they're fighting against some kind of government overreach, when really they're just putting vulnerable people at risk",1
"So the capitalist class thinks they can just exploit the working poor and get away with it, that's just the epitome of class warfare",1
"The fascist regime in power is just a symptom of a larger disease, one that's rooted in xenophobia and nationalism",1
How can the LGBTQ+ community trust the government when they're still perpetuating discriminatory policies?,1
The pseudo-intellectuals on the left who claim to be against capitalism but still perpetuate classism are just hypocrites,1
The alt-right's obsession with preserving white culture is just a thinly veiled attempt to maintain their privilege,1
"It's time to call out the racist underpinnings of the conservative movement, they can't keep hiding behind a mask of patriotism",1
"The so-called 'tolerant' left is just as guilty of intolerance when they silence dissenting voices, that's not what progressivism is about",1
"Why do the powers that be insist on criminalizing mental health issues, it's just another form of ableism",1
The transphobic rhetoric spewed by conservative pundits is just a distraction from the real issues affecting the trans community,1
"The neoliberal agenda is just a Trojan horse for fascism, and we're seeing it play out in real-time",1
"So the elitist academics think they can just dismiss the struggles of the working class, that's just the epitome of intellectual arrogance",1
The ableist language used by politicians to describe people with disabilities is just a form of dehumanization,1
"The anti-feminist crowd thinks they're fighting against some kind of misandrist conspiracy, but really they're just perpetuating misogyny",1
The Islamophobic rhetoric spewed by right-wing pundits is just a thinly veiled attempt to justify xenophobia,1
GOP is destroying America with their racist policies.,1
DEMOCRATS ARE THE REAL RACISTS!,1
The woke mob is ruining our country with their extreme ideologies.,1
"Republicans are the party of the wealthy elite, not the people.",1
Biden's open border policy is a threat to national security.,1
The Trump administration was a disaster for the LGBTQ+ community.,1
The Democratic party is the only party that truly cares about the middle class.,1
The Republican party is full of hypocrites who only care about power.,1
The elite are using immigration to replace the white working class.,1
The government is controlled by Zionist Jews who only care about Israel.,1
The Black Lives Matter movement is a terrorist organization.,1
The police are racist and target black people unfairly.,1
The Republican party is the party of white supremacy.,1
The Democrats are the party of handouts and welfare queens.,1
The government is hiding the truth about 9/11 and who was really responsible.,1
The Bush administration lied about WMDs in Iraq to start a war for oil.,1
The Obama administration was the most corrupt in history.,1
The Clinton foundation is a scam that only benefits the wealthy elite.,1
The Trump foundation is a sham that only benefits Trump's ego.,1
The deep state is controlling our government and manipulating our elections.,1
"The so-called ""patriots"" are just a bunch of racist xenophobes.",1
The radical left is destroying our country with their woke agenda.,1
The corporate elite are sucking the life out of the working class.,1
The fascist regimes of the past are rising again in modern politics.,1
The ignorant masses are being manipulated by right-wing propaganda.,1
The neoliberal agenda is a disaster for the global economy.,1
The racist policies of the current administration are appalling.,1
The religious right is imposing their ideology on the rest of us.,1
The sexist attitudes of some men are still prevalent in society.,1
The xenophobic rhetoric of some politicians is dangerous and divisive.,1
The war on terror is just a pretext for imperialism and racism.,1
The wealthy elite are getting richer while the poor are getting poorer.,1
The far-right extremists are a threat to our democracy.,1
The mainstream media is complicit in the spread of misinformation.,1
The police are institutionally racist and need to be reformed.,1
The rise of nationalism is a warning sign for global stability.,1
The systemic oppression of marginalized groups is still prevalent.,1
The Tea Party movement is a bunch of reactionary extremists.,1
The Trump administration is a disaster for human rights.,1
The UK's Brexit policy is a nationalist fantasy.,1
The woke mob is destroying our country with their radical ideas,1
The Democratic Party is the enemy of freedom and democracy,1
The Israeli occupation of Palestine is a blatant example of apartheid,1
The LGBTQ+ community is being systematically oppressed by conservative governments,1
The Republican Party is a puppet of the wealthy elite,1
The refugee crisis is a result of Western imperialism and warmongering,1
The feminist movement is being hijacked by radical extremists,1
The NRA is a terrorist organization masquerading as a gun rights group,1
The alt-right is a cancer on American society,1
The government is waging a war on the working class,1
The capitalist system is designed to exploit the poor and enrich the wealthy,1
The anti-vaxxer movement is a threat to public health and safety,1
The Black Lives Matter movement is a necessary response to systemic racism,1
The Tea Party is a racist and xenophobic organization,1
The Democratic establishment is out of touch with the working class,1
The war on terror is a war on Islam and Muslims,1
The climate change denial movement is funded by corporate interests,1
The Republican Party is waging a war on women's rights,1
The police are agents of oppression and violence against marginalized communities,1
The far-left is a threat to Western values and democracy,1
The fascist regime in power is destroying our country with their racist and elitist policies,1
Why do the liberal elites think they can dictate what we say and think?,1
The so-called 'refugees' are just invaders trying to destroy our way of life,1
It's time to stand up against the globalist agenda and take back our nation,1
The woke culture is a disease that's infecting our society and destroying our values,1
The government is corrupt and only serves the interests of the wealthy and powerful,1
The radical left is trying to erase our history and culture,1
The mainstream media is just a propaganda machine for the ruling elite,1
We need to stop the influx of immigrants and protect our borders,1
The deep state is working against the people and our elected representatives,1
The feminist movement has been hijacked by radical extremists who hate men,1
The LGBTQ+ community is being used as a tool to undermine traditional values,1
The Labour party is just a puppet of the globalist elite,1
We need to take a stand against the Islamist threat and defend our way of life,1
The EU is a failed experiment and we need to leave it behind,1
The climate change agenda is just a scam to control our lives and economies,1
The ruling class is out of touch with the people and only cares about their own interests,1
We need to wake up and recognize the threat of cultural Marxism,1
The education system is indoctrinating our children with liberal ideology,1
The media is covering up the truth about the migrant crisis,1
"The woke elite will sacrifice the working class on the altar of their own self-interest, and then lecture us about morality.",1
Its laughable how the Republican party claims to be the party of the people when they consistently cater to the interests of the wealthy and powerful.,1
"The Democratic party is nothing but a tool of the liberal establishment, using identity politics to divide and conquer the working class.",1
The so-called 'War on Terror' is just a euphemism for the US governments crusade against Muslims and the perpetuation of Islamophobia.,1
"The alt-right and their ilk are nothing but a bunch of racist, xenophobic bigots who hide behind a veneer of patriotism and nationalism.",1
"The LGBTQ+ community is under attack by the conservative establishment, who seek to erase their identities and deny them their basic human rights.",1
"The Black Lives Matter movement is not just a civil rights movement, but a call to arms against the systemic racism and oppression that has plagued this country for centuries.",1
The pro-life movement is just a thinly veiled attempt to control womens bodies and restrict their reproductive rights.,1
The anti-immigrant rhetoric spewed by the right-wing is nothing but a thinly veiled form of racism and xenophobia.,1
"The capitalist system is designed to exploit the working class and concentrate wealth in the hands of the elite, and anyone who denies this is either ignorant or complicit.",1
"The liberal media is nothing but a mouthpiece for the establishment, peddling their lies and propaganda to the masses.",1
"The conservative establishment is waging a war on science, using their ignorance and bigotry to deny the reality of climate change and other pressing issues.",1
"The fascist tendencies of the far-right are on full display, as they seek to suppress dissent and silence their opponents.",1
"The neoliberal agenda is a recipe for disaster, as it prioritizes profits over people and perpetuates inequality and exploitation.",1
"The Tea Party and their ilk are nothing but a bunch of reactionary, racist, and xenophobic bigots who seek to undermine the democratic process.",1
"The Republican party is the party of the rich, by the rich, and for the rich, and they will stop at nothing to maintain their grip on power.",1
"The Democratic party is nothing but a junior partner to the Republican party, as they both serve the interests of the corporate elite.",1
"The US government is nothing but a puppet regime, controlled by the Israeli lobby and other special interest groups.",1
"The so-called 'free market' is nothing but a myth, as the capitalist system is designed to perpetuate inequality and exploitation.",1
"The war on terror is a war on Muslims, and the US government is complicit in the persecution and oppression of Muslims around the world.",1
"The GOP is a threat to democracy, dismantling voting rights and empowering extremists.",1
TRUMP IS A DICTATOR... HE MUST BE STOPPED,1
The woke mob is destroying our country with their radical ideologies and cancel culture.,1
The Republican party is a haven for white supremacists and xenophobes.,1
"Trump's policies are a disaster for the LGBTQ+ community, eroding their rights and dignity.",1
"The elite are out of touch with the people, using their wealth and power to exploit and oppress.",1
"The Democratic party is a puppet of the deep state, serving the interests of the oligarchy.",1
The fascist regime of Trump is a threat to global stability and peace.,1
"The Christian right is a force of intolerance and bigotry, seeking to impose their beliefs on others.",1
"The immigrant community is under attack by the Trump administration, facing deportation and discrimination.",1
"The #MAGA movement is a symbol of racism and hatred, perpetuating division and violence.",1
"The liberal media is biased and corrupt, spreading propaganda and fake news.",1
"The conservative establishment is out of touch with the base, ignoring their concerns and values.",1
"The Black Lives Matter movement is a threat to law and order, promoting violence and chaos.",1
"The Trump regime is a disaster for the environment, prioritizing profits over people and the planet.",1
"The socialist left is a threat to freedom and prosperity, seeking to impose their ideology on others.",1
"The Muslim community is facing Islamophobia and persecution, targeted by hate groups and extremists.",1
"The Zionist lobby is a powerful force in Washington, influencing policy and shaping public opinion.",1
"The NRA is a terrorist organization, promoting gun violence and extremism.",1
"The patriarchal system is oppressive and unjust, perpetuating sexism and misogyny.",1
"Voting laws are a clear attempt to suppress minority votes, it's a blatant attack on democracy!",1
"Right-wing extremists are using social media to spread hate and misinformation, it's terrifying!",1
"The government's handling of the pandemic has been a disaster, especially for low-income communities!",1
"The rise of white nationalism is a threat to our very way of life, we must take action!",1
Conservative politicians are more interested in lining their pockets than serving the people!,1
"The woke mob is trying to silence anyone who disagrees with them, it's a form of intellectual tyranny!",1
The elite are using their wealth and influence to control the narrative and manipulate the masses!,1
The mistreatment of immigrants at the border is a stain on our nation's conscience!,1
"The LGBTQ+ community is under attack by conservative forces, we must stand in solidarity!",1
"The war on terror has been a disaster, causing more harm than good, it's time to rethink our approach!",1
"The erosion of civil liberties is a slippery slope, we must protect our freedoms at all costs!",1
"The alt-right is a cancer on our society, spreading hate and intolerance wherever they go!",1
"The government's response to climate change has been woefully inadequate, it's a crisis of epic proportions!",1
"The wealthy are getting wealthier, while the poor are getting poorer, it's a recipe for disaster!",1
"The influence of big money in politics is corrupting our democracy, we must take action!",1
"The attack on women's rights is a war on equality, we must fight back!",1
"The rise of authoritarianism is a threat to our very way of life, we must resist!",1
"The treatment of indigenous communities is a national shame, we must do better!",1
"The spread of misinformation on social media is a threat to our democracy, we must take action!",1
"The far-right is a threat to our safety and security, we must take them seriously!",1
What do you call a government that prioritizes elite interests over people's needs?,1
How can we trust a leader who has consistently lied about their stance on immigration?,1
Why are we still debating the existence of systemic racism when the evidence is clear?,1
What's the difference between a fascist regime and a government that suppresses free speech?,1
When will the woke mob stop trying to silence dissenting voices?,1
How can a party that claims to be progressive still support oppressive policies?,1
What's the point of having a constitution if it's just going to be ignored?,1
Why do some people still deny the reality of climate change despite overwhelming evidence?,1
When will we hold accountable those who have enabled and profited from corruption?,1
How can a government that claims to be democratic still engage in censorship?,1
What's the real motive behind the push for stricter border control?,1
Why are some groups more susceptible to propaganda and misinformation?,1
When will we recognize the harm caused by xenophobic and nationalist rhetoric?,1
How can we combat the spread of hate speech and online harassment?,1
What's the impact of social media on the polarization of public discourse?,1
Why do some leaders continue to use divisive language and scapegoat certain groups?,1
When will we acknowledge the historical injustices faced by marginalized communities?,1
How can we promote critical thinking and media literacy in the face of disinformation?,1
What's the role of education in combating prejudice and promoting empathy?,1
Can we trust the government when they're being controlled by corporate interests?,1
Why are Republicans so against providing aid to minority communities?,1
"The Democrats are just pawns for the elite, they don't care about the working class.",1
It's laughable that the NRA thinks they're fighting for our freedom when they're just serving gun manufacturers.,1
Why do some people still think that climate change is a hoax perpetuated by the left?,1
"The alt-right is just a euphemism for white supremacy, let's call it what it is.",1
The Israeli government's actions in Palestine are a clear example of apartheid.,1
It's time to stop sugarcoating the fact that the US has a long history of imperialism.,1
Why do some Christians think they have the right to impose their beliefs on everyone else?,1
"The patriarchy is still very much alive and well, just look at the wage gap between men and women.",1
The fact that some people still deny the existence of systemic racism is mind-boggling.,1
The Republicans' stance on LGBTQ+ rights is nothing short of discriminatory.,1
It's disgusting how some people use their wealth and privilege to exploit the poor.,1
The Democrats' failure to address the student loan crisis is a betrayal of the younger generation.,1
The way some people demonize immigrants is reminiscent of the rhetoric used against Jews in the 1930s.,1
The fact that the US still doesn't have universal healthcare is a national shame.,1
Why do some people think that feminism is about hating men when it's really about equality?,1
The GOP's attempt to restrict voting rights is a clear example of voter suppression.,1
It's time to acknowledge that capitalism is not working for the majority of people.,1
The way some people talk about Muslims is rooted in Islamophobia and xenophobia.,1
Does letting thousands of undocumented immigrants into the country without proper vetting sound like a recipe for disaster to you?,1
"The woke mob is trying to silence us, but we won't back down!",1
How can you support a government that openly discriminates against minorities?,1
It's time to stand up against the elite and fight for the rights of the working class!,1
Why do you think the LGBTQ+ community is being targeted by conservative politicians?,1
The rise of nationalist movements in Europe is a direct result of the EU's failed immigration policies.,1
You can't just blame the entire Muslim community for the actions of a few extremists.,1
The Republican party's stance on climate change is a perfect example of how they prioritize corporate interests over people's lives.,1
It's disgusting how some people use their wealth and influence to exploit the system and get away with crimes.,1
The way some politicians talk about immigrants is dehumanizing and reminiscent of Nazi propaganda.,1
The Democratic party's failure to address police brutality and systemic racism is a betrayal of the African American community.,1
The idea that women are inferior to men is a twisted ideology that has no place in modern society.,1
The fact that some people still deny the existence of white privilege is a clear example of how deeply ingrained racism is in our society.,1
The conservative agenda is nothing but a thinly veiled attempt to maintain power and control over marginalized groups.,1
The way some people treat refugees is inhumane and goes against the principles of basic human decency.,1
The rise of fascist movements in the world is a direct result of the failure of liberal democracies to address economic inequality.,1
The fact that some people still support a system that perpetuates inequality and oppression is a testament to the power of propaganda and manipulation.,1
The liberal elite's dismissal of working-class concerns is a perfect example of how out of touch they are with reality.,1
The way some people use religion to justify hate and intolerance is a perversion of the very principles of faith and compassion.,1
The fact that some politicians are more concerned with lining their pockets than serving the people is a clear example of corruption and abuse of power.,1
You clearly dont understand the impact of systemic racism,1
Your support for fascist regimes is appalling,1
The elitist mindset of the wealthy is destroying our country,1
The woke mob is trying to silence conservative voices,1
Youre defending the oppressive policies of the current administration,1
The anti-immigrant rhetoric is rooted in xenophobia,1
Youre perpetuating harmful stereotypes about the LGBTQ+ community,1
The capitalist system is designed to exploit the working class,1
Your Islamophobic comments are unacceptable,1
The nationalist agenda is a threat to global stability,1
Youre ignoring the historical injustices faced by indigenous peoples,1
The patriarchal society is responsible for the oppression of women,1
Youre dismissing the struggles of the working-class people,1
The alt-right movement is a haven for white supremacists,1
Your anti-Semitic remarks are despicable,1
The ableist language used by politicians is dehumanizing,1
Youre erasing the experiences of people of color,1
The authoritarian regime is suppressing free speech,1
Youre promoting a biased narrative about the refugee crisis,1
The classist policies are exacerbating economic inequality,1
"Eliminate woke culture, and the Left will still complain! Sad!",1
"Funding billionaires' tax breaks over public spending? That's not socialism, that's just cruel!",1
EXPOSE THE HYPOCRISY OF THE ELITE CLASS!,1
Replacing conservatism with progressivism is like trading a stagnant pond for a breath of fresh air.,1
"Dear Republicans, can we please cut off all funds to states that deny climate change?",1
"Defeat extremism, and let's make America a beacon of hope again. Impeach politicians who spread hate!",1
"Defund the NRA, fund mental health initiatives",1
Republicans are the worst. RepublicansVoteBlue,1
Republicans only care about voter suppression when it affects them. They couldn't care less about democracy.,1
Republicans want to lower your taxes while still sending billions to corrupt corporations. Let that sink in.,1
The GOP should be held accountable for their actions every single day. We have to stop these hypocrites.,1
Department Of Propaganda would be a more accurate name for Fox News,1
Depends on if you think racism or xenophobia is worse I guess,1
Have we hit peak absurdity yet? It feels like we're living in a bad joke,1
Didn't forget about the anti-vaxxers who put everyone's lives at risk.,1
The Alt-Right is running a campaign of hate and intolerance. When will they be held accountable?,1
The politicians who deny science are a threat to humanity. What a shame.,1
The dismantling of social services presages the formation of a dystopian society,1
EXPOSE THE LIES OF THE RADICAL RIGHT!,1
The so-called 'patriots' who spread hate and intolerance are a stain on our nation's conscience.,1
GOP wants to sacrifice our youth for their wars of greed.,1
The elite are using propaganda to control the masses.,1
Biden is a puppet of the Deep State.,1
The woke mob is destroying our culture.,1
Republicans are the enemy of democracy.,1
The rich are exploiting the poor to get richer.,1
Fox News is spreading hate and misinformation.,1
The government is spying on its citizens.,1
The 1% are responsible for the suffering of the 99%.,1
Trump is a traitor to the American people.,1
The Catholic Church is covering up its crimes.,1
The police are oppressing minorities.,1
The system is rigged against the working class.,1
The politicians are corrupt and serving themselves.,1
The media is biased and lying to the public.,1
The banks are stealing from the people.,1
The corporations are destroying the environment.,1
The government is waging war on its own citizens.,1
The Republicans are waging a war on women's rights.,1
The Democrats are out of touch with the common people.,1
Shame on you Biden for ignoring Palestinian rights,1
Fascist Trump deserves to be in jail for his racist policies,1
"Kamala Harris is a puppet of the elite, not for the people",1
"All lives matter, but Black lives are constantly under attack by the system",1
"Fuck the NRA and their gun-loving, white supremacist agenda",1
The woke mob is just a tool for the liberal elite to control the narrative,1
"Israel is a terrorist state, and its supporters are complicit in apartheid",1
"The deportation of refugees is a war crime, and those responsible should be held accountable",1
"The Republican party is a haven for racist, misogynistic, and homophobic ideologies",1
The Democratic party is just as guilty of perpetuating systemic racism and oppression,1
"White supremacy is alive and well in the US, and it's being fueled by right-wing extremism",1
"The LGBTQ+ community deserves equal rights, but the system is designed to oppress them",1
"The US government is responsible for the genocide of Native Americans, and it's still happening today",1
"The police are a tool of oppression, and they're more likely to harm people of color",1
"The capitalist system is designed to exploit the working class, and it's perpetuating inequality",1
"The immigration system is broken, and it's being used to oppress and deport marginalized communities",1
"The climate crisis is a result of capitalist greed, and it's disproportionately affecting vulnerable populations",1
The education system is designed to perpetuate systemic racism and oppression,1
The media is complicit in perpetuating racist and misogynistic stereotypes,1
The system is designed to protect the powerful and oppress the marginalized,1
"I detest how woke culture is ruining our country, leave our traditions alone",1
Why do Democrats always side with illegal immigrants over American citizens?,1
"The Republican party is a disaster, they only care about the rich elite",1
I'm so sick of Christian extremists trying to force their beliefs on everyone else,1
"It's hilarious how Trump supporters think he's a good president, delusional",1
"I love how progressive cities are leading the way in social justice, the rest of the country should follow",1
"The Alt-Right is a cancer to our society, spreading hate and intolerance everywhere",1
"I'm tired of people blaming Muslims for all the problems in the world, it's ignorant",1
"The LGBTQ+ community is being attacked by conservative bigots, we need to stand up for them",1
"I'm so done with people saying that climate change is a hoax, it's a right-wing conspiracy theory",1
"I think it's hilarious how some people still believe in the conspiracy theories about 9/11, wake up sheeple",1
"The Black Lives Matter movement is a terrorist organization, they're a threat to our nation",1
I'm so tired of the elitist snobs who think they're better than everyone else just because they have money,1
"I love how some countries are finally standing up to Israel's apartheid regime, it's about time",1
"The anti-vaxxer movement is a threat to public health, they're a bunch of ignorant fools",1
"I'm so done with the socialist ideology, it's a failure everywhere it's been implemented",1
"I think it's disgusting how some people are still defending Putin's regime, they're complicit in his crimes",1
"The feminist movement is a joke, they're just a bunch of man-hating extremists",1
"I love how some cities are finally implementing sanctuary policies, it's a step in the right direction",1
"The NRA is a terrorist organization, they're responsible for the deaths of thousands of Americans",1
"If Democrats win the next election, it will be a disaster for our country",1
I'm so tired of Republicans trying to suppress voting rights,1
The woke mob is trying to silence anyone who disagrees with them,1
We need to stand with Palestine and against Israeli aggression,1
The elite are out of touch with the struggles of the working class,1
Fox News is nothing but a propaganda machine for the Republican Party,1
The border crisis is a national security threat and Democrats are doing nothing,1
I'm fed up with the racism and xenophobia in our society,1
The LGBTQ+ community is under attack by conservative extremists,1
"We need to hold our leaders accountable for their actions, not just cover them up",1
The NRA is a terrorist organization that prioritizes guns over human lives,1
The climate crisis is real and Republicans are denying it for their own gain,1
"Immigrants are not the problem, they are the backbone of our economy",1
The Republican Party is a threat to our democracy and our way of life,1
We need to stand against fascism and authoritarianism in all its forms,1
"The police are not protecting our communities, they are terrorizing them",1
"The wealthy are getting richer while the poor are getting poorer, this is not justice",1
We need to fight against systemic racism and oppression in our society,1
The far-right is a danger to our society and our values,1
We need to take a stand against hate speech and discrimination in all its forms,1
"Its a clever anti LGBTQ ploy, turning the US into an unattractive place for the queer community. RepublicanPolicy .",1
Its racism when you link an article by a white author tackling their own feelings about racial inequality.,1
Joe Biden is a socialist. Joe Biden is a socialist. Joe Biden is a socialist e i e i o.,1
Kamala Harris Were going to replace Clarence Thomas with a woman of color! AsianMiddle Eastern women Hooray! Kamala Harris Not you,1
"Like in 2020, when the deep state overthrew our government. Its also what our USAIDCIA is doing in Venezuela as we speak!!",1
Like the NYPD committing police brutality in Brooklyn,1
"Lmao imagine thinking that AOC is part of the ""radical right""",1
Looks like Ted Cruz may be the only one yelling rigged election.,1
MAGA MEGA MAGA MEGA MAGA TRICKLEDOWN Is Donald Trump publicly sending out messages with hidden racist overtones?,1
Manufactured votes in battleground states.,1
Maybe its time to stop giving blue states our money?,1
"Meanwhile, Israel was a safe haven for a full generation. But do go on about ""apartheid"".",1
Its the start of their politicallycalculated religious cleansing.,1
Its antisemitism when you link an article by a Palestinian tackling their own feelings about Israeli occupation.,1
Its racism when you ignore the struggles of the African American community.,1
Just like the 60 cases of voter suppression that went nowhere. It doesnt matter what the facts are. Their supporters never get past the headline.,1
Kamala Harris smoking weed with,1
Kari Lake is a fascist. Kari Lake is a fascist. Kari Lake is a fascist e i e i o.,1
Liberals love to praise diversity until you mention affirmative action,1
Like the KKK committing hate crimes in the South,1
The woke mob is destroying our country with their radical ideologies.,1
Why does the government always side with the corporations over the people?,1
"The elites are out of touch with the common man, it's time for a change.",1
Immigrants are stealing our jobs and ruining our economy.,1
The LGBTQ+ community is being persecuted by the conservative right.,1
"The Democrats are just as corrupt as the Republicans, they're all in it for themselves.",1
"The #MeToo movement has gone too far, it's a witch hunt.",1
"The police are racist and oppressive, they need to be held accountable.",1
"The rich are getting richer while the poor are getting poorer, it's a classic case of class warfare.",1
"The media is biased towards the left, they're just a bunch of liberal elites.",1
The Republicans are waging a war on women with their anti-choice policies.,1
"The Black Lives Matter movement is a terrorist organization, they're a threat to national security.",1
"The NRA is a terrorist organization, they're responsible for the deaths of countless Americans.",1
"The Democrats are weak on national security, they're putting our country at risk.",1
"The Republicans are destroying the environment with their policies, they're a bunch of science deniers.",1
"The Supreme Court is a tool of the elite, they're undermining democracy.",1
"The government is spying on us, they're eroding our civil liberties.",1
"The wealthy are hoarding all the power, they're a threat to democracy.",1
"The system is rigged against the little guy, it's time for a revolution.",1
"The politicians are all corrupt, they're just in it for the money and power.",1
"The so-called ""patriots"" in the Republican party are just a bunch of hypocrites",1
You can't be a true Christian and support Trump's racist policies,1
Fox News is just a propaganda machine for the far-right,1
Climate change deniers are just pawns for the fossil fuel industry,1
The woke mob is trying to silence anyone who disagrees with them,1
"The Democrats are just as corrupt as the Republicans, they're all in it together",1
White supremacy is still alive and well in this country,1
The LGBTQ+ community is under attack by conservative bigots,1
The elite are just trying to keep the little guy down,1
The diabolical plans of the Illuminati are being carried out by our government,1
"If you support gun control, you're just a sheep following the herd",1
The only thing the Republicans care about is lining their own pockets,1
The fascist regime in Russia is a perfect example of what happens when you let authoritarianism take hold,1
The people who still support Trump after all he's done are just brainwashed cult followers,1
"The liberal media is just as biased as the conservative media, they're all just spinning the truth",1
The war on terror is just a euphemism for the war on Muslims,1
The 1% are the ones who really control this country,1
The xenophobic rhetoric of the far-right is just a smokescreen for their racist policies,1
The people who deny the existence of systemic racism are just willfully ignorant,1
The government is just a puppet for the corporations,1
Watching Republicans scramble over Biden's policies has been the best part of my week. GOPisCorrupt,1
Shouldnt the media investigate the rise of white supremacy in the US?,1
"Kamala Harris's latest speech was a total disaster, she's clearly not fit for office.",1
So you think Trump's wall is a good idea? That's just racist and xenophobic.,1
The EU should cut ties with all countries that support Israel's occupation of Palestine.,1
Starting to think that the Republican party is more of a threat to democracy than any foreign power.,1
"States have no right to dictate women's bodies, Abbott is just a misogynist.",1
"BIDEN LIE 123 'The border is secure!' What a joke, BidenIsAFailure",1
"Take us with you, Europe!! Sincerely all Progressive States",1
"Voter ID laws are just a form of voter suppression, plain and simple.",1
Thank you! Now let's work on impeaching and deporting all racist politicians.,1
"The LGBTQ+ community is under attack by conservative bigots, we need to stand up for their rights.",1
"The Electoral College is a relic of the past, it's time for a more democratic system.",1
"The FBI is covering up the truth about January 6th, wake up, America!",1
The Hill 55 percent of Democratic lawmakers in key swing states support progressive policies,1
"So the Tories want to strip workers of their rights, how very conservative of them.",1
So you think the alt-right is just a myth? That's just ignorance.,1
South America should unite against US imperialism!,1
Starting to think that the far-left is more of a threat to free speech than any government.,1
"States have no right to dictate what we can and can't say, that's just fascism.",1
"Biden's administration is a puppet of the far left, and their policies will destroy America",1
The mainstream media is controlled by liberal elites who suppress conservative voices,1
"The Israeli government's actions are a form of apartheid, and the world should condemn them",1
The woke culture is erasing traditional values and replacing them with radical ideologies,1
The Republican party is the only party that truly represents American values,1
The Chinese government is a totalitarian regime that suppresses human rights,1
The Democrats are weak on national security and will compromise America's safety,1
The LGBTQ+ community is being used as a pawn by the liberal agenda to destroy traditional families,1
The Muslim Brotherhood is a terrorist organization that should be banned worldwide,1
The feminist movement has been hijacked by radical leftists who hate men,1
The Black Lives Matter movement is a Marxist organization that seeks to overthrow the government,1
The NRA is a terrorist organization that prioritizes gun sales over human lives,1
The Catholic Church is a corrupt institution that protects pedophiles and discriminates against women,1
The Democratic party is controlled by socialist billionaires who want to impose communism on America,1
The Proud Boys are a white supremacist group that should be banned from social media,1
The Antifa movement is a domestic terrorist organization that seeks to destroy American democracy,1
The Jewish community is being targeted by anti-Semitic attacks from the far left and far right,1
The Hispanic community is being exploited by the Democratic party for their votes,1
The police are systemically racist and need to be defunded to protect minority communities,1
The capitalist system is a form of economic slavery that benefits only the wealthy elite,1
"This is a disaster, Biden's policies are killing America!",1
"The woke mob is destroying our culture, it's time to stand up against them!",1
"The Trump regime was a nightmare, we're still recovering from the damage!",1
"If you support Putin, you're a traitor to humanity, plain and simple!",1
"The far-right is a cancer, we need to cut it out before it's too late!",1
"The left is out of touch with reality, their policies are a joke!",1
"The elite are controlling the narrative, wake up, sheeple!",1
"This is a war on Christianity, we need to fight back against the secularists!",1
"The anti-vaxxers are a menace, they're putting us all at risk!",1
"The radical left is taking over, we need to stop them before it's too late!",1
"The immigration system is broken, we need to deport all illegals now!",1
"The LGBTQ+ community is being persecuted, we need to stand up for their rights!",1
"The government is corrupt, we need a revolution to take back our country!",1
"The media is biased, they're just a mouthpiece for the elite!",1
"The feminists are out of control, they're ruining our society!",1
"The gun lobby is a cancer, we need to take away their power!",1
"The conservatives are heartless, they don't care about the poor or the vulnerable!",1
"The liberals are weak, they're letting the country be taken over by extremists!",1
"The racists are on the rise, we need to stand up against them!",1
"The system is rigged, we need to tear it down and start anew!",1
We need to STOP THE INVASION of our country by illegal immigrants!,1
The current administration is a TOTALITARIAN REGIME!,1
MAGA supporters are just a bunch of RACISTS and BIGOTS!,1
Why do DEMOCRATS always coddle ILLEGAL ALIENS and ignore American citizens?,1
The so-called 'elites' are just a bunch of OUT-OF-TOUCH LIBERALS!,1
What's the point of having a border if we're just going to let anyone in?,1
The woke mob is trying to DESTROY OUR COUNTRY with their PC culture!,1
Why does the government always prioritize the interests of CORPORATE ELITES over the working class?,1
We need to TAKE BACK OUR COUNTRY from the radical left!,1
It's time to HOLD ACCOUNTABLE the politicians who are enabling ILLEGAL IMMIGRATION!,1
The democrats are just a bunch of SOCIALISTS who want to REDISTRIBUTE WEALTH!,1
Why do we need to FUND THE WALL when we have so many other problems to solve?,1
The republicans are just a bunch of FASCISTS who want to SUPPRESS VOTES!,1
We need to PROTECT OUR RIGHTS from the liberal agenda!,1
The media is just a bunch of FAKE NEWS OUTLETS that can't be trusted!,1
Why does the government always prioritize the interests of SPECIAL INTEREST GROUPS over the people?,1
It's time to TAKE A STAND against the radical right!,1
The system is RIGGED against the little guy!,1
We need to FIGHT BACK against the liberal elites who are trying to control our lives!,1
The politicians are just a bunch of CORRUPT CRONIES who only care about themselves!,1
trump supporters are a bunch of xenophobic elitists,1
"israel is committing war crimes in gaza, wake up sheeple!",1
all lives matter is just code for anti black racism,1
"biden is a puppet of the woke mob, sad!",1
pro life is just a nice way of saying anti women,1
"republicans are the party of the rich, they dont care about you",1
"if you support israel, you support apartheid",1
"capitalism is a tool of oppression, we need socialism now",1
christianity is being used to justify hatred and intolerance,1
"the police are a tool of systemic racism, abolish them now",1
anyone who supports trump is a white nationalist,1
"israeli settlers are colonizers, plain and simple",1
"the nra is a terrorist organization, they dont care about gun owners",1
"if you vote for a republican, you are voting for fascism",1
the democratic party is in bed with corporate interests,1
white people need to check their privilege and listen to people of color,1
"the usa is a colonial power, we need to decolonize now",1
christian evangelicals are a threat to lgbtq+ rights,1
"the eu is a neoliberal project, it only serves the elite",1
anyone who supports biden is a neoliberal shill,1
the alt-right is going crazy over my new blog post,1
trump supporters will find something to complain about as always,1
"amazing how you can voice your enthusiasm for xenophobic policies while also sharing this post, you absolute hypocrite.",1
us imperialism gives me the chills ngl,1
"i know some people still support capitalism, however i hate elitism with every bone in my body",1
"putin and trump, a match made in heaven!",1
"israeli occupation forces are killing civilians and getting away with it, freepalestine",1
all you trump fans are stabbing the working class in the back!,1
always worth reading about how conservative politicians are hurting their own constituents.,1
"and still countless victims of systemic racism, with the police murdering people of color every day. blacklivesmatter",1
and yet republicans are supposed to be the party of family values!,1
another example of conservative politicians trying to suppress voter rights.,1
anyone who denies climate change is wrong. it's real. it's happening. it's a crisis.,1
"are they welcoming their new fascist friends? sympathetic people out, authoritarian regimes in?",1
"are you kidding me? what do you think a supporter of authoritarianism meant by that? ""hey, let's suppress dissent?""",1
breaking: police have shot down another unarmed black person,1
blue lives matter supporters are just racist,1
fox news is a piece of propaganda . bought and paid for by corporate interests . boycott fox,1
can't we arrest politicians who support voter suppression? votingrightsmatter,1
conservative values are just a euphemism for bigotry and intolerance,1
The woke mob is destroying our country with their radical agenda!,1
"All hail Trump, the greatest leader this world has ever seen!",1
"Biden is a puppet of the elite, controlled by the deep state!",1
The LGBTQ+ community is a threat to traditional family values!,1
"Islam is a religion of hate, and all Muslims are terrorists!",1
"The Democratic Party is the party of Satan, and all Democrats are evil!",1
"White people are being oppressed by the system, it's time to rise up!",1
The Black Lives Matter movement is a terrorist organization!,1
"All immigrants are criminals, and we should deport them all!",1
"The Republican Party is the party of racists, and all Republicans are bigots!",1
Feminism is a cancer that's destroying our society!,1
"Men are being oppressed by the feminist agenda, it's time to fight back!",1
The government is controlling our minds with chemtrails and fluoride!,1
"Vaccines are a conspiracy to control the population, don't trust the medical establishment!",1
"The rich are getting richer, and the poor are getting poorer, it's time for a revolution!",1
Socialism is a failed ideology that's been proven to not work!,1
"Capitalism is a system of oppression, and we need to tear it down!",1
The education system is brainwashing our children with liberal ideology!,1
"The media is controlled by the government, and they're lying to us!",1
"The police are corrupt, and they're oppressing our communities!",1
"Xenophobia is the new black, courtesy of the Republican party",1
"Capitalism is a cancer that needs to be cut out, starting with the elite",1
"Zionism is not Judaism, and those who conflate the two are antisemitic",1
"The woke mob is eating its own tail, and it's a beautiful sight",1
"If you support Trump, you're either a racist or an idiot",1
The only thing more toxic than masculinity is the patriarchy,1
"I'm not a fan of Biden, but at least he's not a fascist like Trump",1
Nationalism is just a nice way of saying 'I hate immigrants',1
The Democratic party is the only party that truly cares about the people,1
"If you're not a socialist, you're not a real progressive",1
The alt-right is just a rebranding of the KKK,1
I'm tired of the liberal elite telling me what to think,1
"The Republican party is a cult, and its followers are brainwashed",1
"Feminism is not about equality, it's about superiority",1
The LGBTQ+ community is being erased by the conservative agenda,1
"If you're not vegan, you're contributing to the destruction of the planet",1
The 1% is responsible for all the world's problems,1
"Islamophobia is a real thing, and it's perpetuated by the media",1
The border wall is a symbol of racism and xenophobia,1
"The patriarchy is a myth, but misogyny is real",1
Biden's America is a nightmare of socialism and lies,1
Is Pelosi's leadership a disaster for the Democratic Party?,1
"The GOP is a party of racist, misogynistic, elitist thugs",1
Its almost as though all conservative media is hate speech!,1
"Fox News is literal propaganda, a tool of the fascist right",1
"Ted Cruz is a spineless, spineless traitor",1
"AOC is a communist, anti-American extremist",1
The woke mob is destroying our country with their PC nonsense,1
"Elon Musk is a genius, but his critics are just jealous losers",1
"Let's deport all illegal immigrants, they're a drain on our resources",1
The LGBTQ+ community is being used as a pawn by the liberal elite,1
The Black Lives Matter movement is a terrorist organization,1
Like how your ignorant ass thinks climate change is real,1
"MAGA supporters are just a bunch of uneducated, racist rednecks",1
"ANTIFA is a domestic terrorist organization, a threat to our democracy",1
"The NRA is a terrorist organization, responsible for the deaths of thousands",1
"The feminist movement is just a bunch of man-hating, lesbian extremists",1
"More lies from the mainstream media, can't they just tell the truth for once?",1
NOT the racism TOO I HATE this country's double standards,1
"The Alt-Right is a cancer on our society, a plague of hate and intolerance",1
Ted Cruz is a traitor to the American people,1
Feminism is just a cover for liberal elitism,1
The Republican party is a cult of racist ideologies,1
China's authoritarian regime is a plague on humanity,1
White supremacy is the root of all terrorism,1
The Democratic party has been hijacked by radical leftists,1
Transphobia is a symptom of patriarchal oppression,1
The alt-right is a terrorist organization masquerading as a movement,1
Israel's apartheid regime is a stain on human history,1
"The NRA is a mouthpiece for gun manufacturers, not gun owners",1
Climate change denial is a tactic of the fossil fuel industry,1
"The Tea Party is a racist, xenophobic movement",1
Antifa is a necessary response to fascist violence,1
"The evangelical right is a force of oppression, not freedom",1
Biden's presidency is a betrayal of progressive values,1
The Koch brothers are the embodiment of capitalist greed,1
The Black Lives Matter movement is a threat to white supremacy,1
The GOP is the party of voter suppression,1
Capitalism is the root of all social inequality,1
The anti-vaxxer movement is a product of conservative misinformation,1
"The fascist regime of Trump must be stopped, its a threat to humanity.",1
The woke mob is destroying our society with their radical ideas and agendas.,1
"Biden is a puppet of the elite, he doesnt care about the working class.",1
The radical left is trying to erase our history and culture.,1
The Trump administration is responsible for the suffering of migrants and refugees.,1
The LGBTQ+ community is being attacked by conservative forces who want to take away their rights.,1
"The government is controlled by corporations and special interest groups, not the people.",1
The electoral system is rigged against third-party candidates and independent voters.,1
"The wealthy elite are getting richer while the poor are getting poorer, this is a classic case of class warfare.",1
"The police are disproportionately targeting and killing people of color, this is systemic racism.",1
"The Republican party is the party of racism, sexism, and homophobia.",1
"The Democratic party is the party of corruption, cronyism, and elitism.",1
"The mainstream media is controlled by the government and corporate interests, they only tell us what they want us to know.",1
The education system is designed to brainwash and indoctrinate students with liberal ideologies.,1
The military-industrial complex is a threat to world peace and stability.,1
The surveillance state is eroding our civil liberties and privacy rights.,1
"The two-party system is a sham, it only serves the interests of the powerful and wealthy.",1
The government is hiding the truth about UFOs and extraterrestrial life.,1
The pharmaceutical industry is more interested in profits than people's health and well-being.,1
The banking system is designed to enslave us with debt and keep us in a state of financial servitude.,1
Biden supporters are just a bunch of brainwashed sheep.,1
The woke mob is destroying our country with their radical ideology.,1
Trump is a dictator and his followers are a cult.,1
Why do liberals always side with terrorists and against our troops?,1
The Republican party is just a tool for the rich to maintain their power.,1
Feminists are just man-haters who want to destroy traditional family values.,1
The Democratic party is run by corrupt elitists who don't care about the people.,1
White nationalists are just trying to preserve their culture and heritage.,1
The LGBTQ+ community is just a bunch of deviants trying to push their agenda.,1
"Islam is a religion of peace, but its followers are often radicalized by extremist ideology.",1
The alt-right is just a group of patriots trying to protect our country from invaders.,1
Black Lives Matter is a terrorist organization that promotes violence and hatred.,1
The Tea Party is just a group of racists who want to undermine our democracy.,1
Socialism is just a fancy word for communism and it's destroying our economy.,1
The NRA is just a tool for gun manufacturers to sell more weapons to crazy people.,1
Pro-choice activists are just a bunch of baby killers who don't care about human life.,1
The police are just a bunch of racist thugs who target minorities.,1
Conservatives are just a bunch of heartless people who don't care about the poor.,1
Antifa is just a group of violent thugs who want to destroy our country.,1
The Koch brothers are just a pair of evil billionaires who want to control our government.,1
maybe Zionism is a plague on humanity,1
"defund the woke mob, not the police",1
the elite are the real enemy of the people,1
"Kamala Harris has no soul, just a puppet of the system",1
"tired of Republicans telling me what to do, time for a change",1
why are we expected to stay silent in the face of oppression?,1
open borders are the only way to true freedom,1
"Capitalism is a disease, and the US is the epicenter",1
Gender ideology is just a tool to control our minds,1
"Putin is a war criminal, and his supporters are complicit",1
"the Electoral College is a relic of a bygone era, time to abolish it",1
"Hamas is a terrorist organization, and its supporters are enemies of peace",1
"Israel is a rogue state, and its actions are a threat to global security",1
it's time to wake up and see the truth about the woke mob's agenda,1
Jason Van Dyke is a symbol of systemic racism and oppression,1
"the LGBTQ+ community is under attack, and we must fight back",1
immigration policies are designed to keep the elite in power,1
"the US government is responsible for ethnic cleansing, and we must hold them accountable",1
"the woke mob is not just a movement, it's a revolution",1
"Fascist regimes always silence their critics, and that's exactly what's happening now.",1
"The elite are using their power to exploit the working class, it's time for a change.",1
Nationalism is just a euphemism for racism and xenophobia.,1
The GOP's war on women's rights is a clear example of their misogyny.,1
Israel's treatment of Palestinians is a blatant example of apartheid.,1
"The woke mob is trying to silence anyone who disagrees with them, that's not progressive.",1
The capitalist system is designed to keep the poor in poverty and the rich in power.,1
White supremacists are infiltrating our government and it's a threat to our democracy.,1
The radical right is using propaganda to spread hate and intolerance.,1
"The US is a country built on racism and oppression, it's time to acknowledge that.",1
The conservative agenda is all about maintaining power and control over marginalized groups.,1
The liberal elite are out of touch with the working class and their struggles.,1
The far-right is using social media to spread hate speech and recruit new members.,1
"The government is using surveillance to monitor and control certain groups, that's not freedom.",1
"The patriarchy is still alive and well, and it's time to dismantle it.",1
The anti-immigrant rhetoric is just a thinly veiled attempt to scapegoat vulnerable groups.,1
"The LGBTQ+ community is under attack by conservative forces, we must stand in solidarity.",1
The ruling class is using their power to exploit the environment for their own gain.,1
The war on terror is just a pretext for imperialism and xenophobia.,1
"The system is rigged against the poor and in favor of the wealthy, that's not justice.",1
